{"cameraMode":{"drawMode":0,"name":"Shaded","section":"Shading Mode"},"sceneLighting":true,"audioPlay":false,"sceneViewState":{"m_AlwaysRefresh":false,"showFog":true,"showSkybox":true,"showFlares":true,"showImageEffects":true,"showParticleSystems":true,"showVisualEffectGraphs":true,"m_FxEnabled":true},"in2DMode":false,"pivot":{"x":116.60636901855469,"y":276.4091491699219,"z":-143.09434509277345},"rotation":{"x":-0.10456281900405884,"y":0.012873142957687378,"z":-0.002662941813468933,"w":-0.9949004650115967},"size":119.39640808105469,"orthographic":true}