{"cameraMode":{"drawMode":0,"name":"Shaded","section":"Shading Mode"},"sceneLighting":true,"audioPlay":false,"sceneViewState":{"m_AlwaysRefresh":false,"showFog":true,"showSkybox":true,"showFlares":true,"showImageEffects":true,"showParticleSystems":true,"showVisualEffectGraphs":true,"m_FxEnabled":true},"in2DMode":false,"pivot":{"x":17.056432723999025,"y":-27.51738929748535,"z":42.08108139038086},"rotation":{"x":0.22868093848228455,"y":-0.013532387092709542,"z":0.003982005175203085,"w":0.9735004305839539},"size":35.73249435424805,"orthographic":false}