{"cameraMode":{"drawMode":0,"name":"Shaded","section":"Shading Mode"},"sceneLighting":true,"audioPlay":false,"sceneViewState":{"m_AlwaysRefresh":false,"showFog":true,"showSkybox":true,"showFlares":true,"showImageEffects":true,"showParticleSystems":true,"showVisualEffectGraphs":true,"m_FxEnabled":true},"in2DMode":false,"pivot":{"x":-1.1612862348556519,"y":-26.014148712158204,"z":29.3420352935791},"rotation":{"x":-0.31609752774238589,"y":0.024173183366656305,"z":-0.010709280148148537,"w":-0.9488585591316223},"size":33.161766052246097,"orthographic":true}